check,n
input_rows,6012
missing_exam_id,0
missing_ai_solution,0
missing_modality,0
missing_site,0
invalid_report_created_ts,0
invalid_report_finalized_ts,0
invalid_ai_result_available_ts,0
invalid_study_end_ts,18
invalid_ai_inference_start_ts,0
invalid_ai_inference_end_ts,0
invalid_ai_fetched_ts,0
column_absent_ai_processing_seconds,1
duplicate_exam_solution_rows_dropped,12
missing_report_finalized_ts,30
missing_ai_result_available_ts,29
missing_report_created_ts,60
missing_study_end_ts,18
negative_report_interval_created_after_finalized,18
negative_total_latency_ai_before_study_end,12
negative_processing_or_routing_time,0
negative_routing_component,0
info_report_finalized_before_study_end,0
rows_after_deduplication,6000
eligible_too_late,5923
eligible_timing_categories,5863
eligible_total_latency,5941
