ai_solution,quarter,n_latency_eligible,total_latency_median_min,total_latency_q1_min,total_latency_q3_min,n_split_eligible,processing_median_min,routing_share_pct,n_too_late_eligible,n_too_late,too_late_rate_pct,used_for_stability
AI solution A,2024Q1,148,1.7917,1.5000,2.1417,148,0.6500,61.9180,148,3,2.0270,True
AI solution A,2024Q2,170,1.7333,1.5000,2.0667,170,0.6583,59.6308,167,2,1.1976,True
AI solution A,2024Q3,163,1.8000,1.5167,2.1250,163,0.7000,58.9184,162,5,3.0864,True
AI solution A,2024Q4,144,1.8500,1.5167,2.1667,144,0.7000,58.6087,143,1,0.6993,True
AI solution A,2025Q1,150,1.8500,1.5833,2.1292,150,0.6833,61.8541,150,2,1.3333,True
AI solution A,2025Q2,158,1.8083,1.5333,2.1500,158,0.6833,58.5308,158,1,0.6329,True
AI solution A,2025Q3,142,1.7417,1.5208,1.9917,142,0.6667,61.0843,141,2,1.4184,True
AI solution A,2025Q4,139,1.7833,1.5500,2.1417,139,0.7000,60.0773,138,5,3.6232,True
AI solution B,2024Q1,167,2.9833,2.5167,3.5917,167,1.1000,60.9695,166,1,0.6024,True
AI solution B,2024Q2,151,3.1833,2.6583,3.7250,151,1.3167,60.6032,150,2,1.3333,True
AI solution B,2024Q3,151,3.3167,2.7167,3.8250,151,1.2333,59.8940,152,1,0.6579,True
AI solution B,2024Q4,138,3.4083,2.9583,4.3417,138,1.4667,57.3148,137,2,1.4599,True
AI solution B,2025Q1,157,3.9000,3.3000,4.4167,157,1.4500,61.2741,156,4,2.5641,True
AI solution B,2025Q2,154,3.9750,3.3208,4.7833,154,1.6000,58.4881,154,3,1.9481,True
AI solution B,2025Q3,127,3.9500,3.4667,4.6333,127,1.5833,59.6128,126,2,1.5873,True
AI solution B,2025Q4,125,4.4333,3.7833,5.2833,125,1.8000,58.1226,124,0,0.0000,True
AI solution C,2024Q1,142,18.0000,15.5792,20.5208,142,7.3667,58.1119,142,37,26.0563,True
AI solution C,2024Q2,152,14.0583,12.5042,15.9333,152,5.0917,62.5197,149,23,15.4362,True
AI solution C,2024Q3,148,11.6083,9.9958,14.1958,148,4.3500,61.6894,148,13,8.7838,True
AI solution C,2024Q4,160,9.9000,8.5583,11.7542,160,3.8833,61.4314,158,15,9.4937,True
AI solution C,2025Q1,183,9.1167,7.5417,10.6833,183,3.7000,58.5173,182,15,8.2418,True
AI solution C,2025Q2,155,8.9167,7.5333,10.2750,155,3.7667,58.5871,153,12,7.8431,True
AI solution C,2025Q3,144,8.7417,7.5333,11.0500,144,3.4000,61.1452,145,9,6.2069,True
AI solution C,2025Q4,146,9.1250,7.9250,10.7042,146,3.5333,60.8861,145,10,6.8966,True
AI solution D,2024Q1,126,1.8167,1.5833,2.0833,126,0.6667,60.4529,128,1,0.7812,True
AI solution D,2024Q2,139,1.9333,1.6250,2.2750,139,0.6667,61.7460,139,3,2.1583,True
AI solution D,2024Q3,148,1.8750,1.6167,2.2417,148,0.7083,62.3023,148,1,0.6757,True
AI solution D,2024Q4,122,1.8917,1.6250,2.1792,122,0.7583,58.5385,120,1,0.8333,True
AI solution D,2025Q1,149,3.2333,2.7833,3.7333,149,1.3333,59.1222,149,11,7.3826,True
AI solution D,2025Q2,147,3.1167,2.6333,3.6000,147,1.1667,59.8779,148,10,6.7568,True
AI solution D,2025Q3,160,1.8583,1.6500,2.1583,160,0.7333,59.5896,162,5,3.0864,True
AI solution D,2025Q4,159,1.9333,1.5750,2.2583,159,0.7167,59.8856,156,3,1.9231,True
AI solution E,2024Q1,144,3.4917,2.9958,4.0000,144,1.3083,59.0764,145,5,3.4483,True
AI solution E,2024Q2,149,3.6000,3.0000,4.2500,149,1.3667,60.4851,151,5,3.3113,True
AI solution E,2024Q3,161,3.3667,2.8333,4.1833,161,1.3000,61.0068,159,2,1.2579,True
AI solution E,2024Q4,162,3.7833,3.1333,4.2875,162,1.4500,58.6287,164,6,3.6585,True
AI solution E,2025Q1,135,3.3833,2.8667,3.9583,135,1.3500,58.8041,135,5,3.7037,True
AI solution E,2025Q2,144,3.3833,3.0083,4.2958,144,1.2667,61.3338,143,1,0.6993,True
AI solution E,2025Q3,153,3.4667,3.0667,4.0167,153,1.2833,61.5013,152,2,1.3158,True
AI solution E,2025Q4,129,3.5167,2.9500,4.3167,129,1.4000,58.3026,130,4,3.0769,True
